{"cameraMode":{"drawMode":0,"name":"Shaded","section":"Shading Mode"},"sceneLighting":false,"audioPlay":false,"sceneViewState":{"showFog":true,"showMaterialUpdate":false,"showSkybox":false,"showFlares":true,"showImageEffects":true,"showParticleSystems":true},"in2DMode":false,"pivot":{"x":14.355969429016114,"y":0.0,"z":11.245091438293457},"rotation":{"x":0.072872593998909,"y":-0.8707073926925659,"z":0.4670114517211914,"w":0.13586464524269105},"size":2.0165061950683595,"orthographic":false}